Hour,Avg_Orders,Avg_Queue,Avg_Staff,Avg_Workload
6,31.3,1.6,2.1,14.367
7,49.77777777777778,2.111111111111111,2.2222222222222223,22.86111111111111
8,71.42857142857143,2.857142857142857,3.642857142857143,20.900000000000002
9,81.93333333333334,2.066666666666667,4.2,19.80666666666667
10,53.625,3.375,2.625,21.65375
11,17.6,0.2,2.0,8.8
12,161.88888888888889,3.0,8.444444444444445,19.422222222222224
13,160.42857142857142,3.7142857142857144,8.071428571428571,20.03142857142857
14,156.55555555555554,4.111111111111111,7.666666666666667,20.684444444444445
15,28.333333333333332,2.1666666666666665,2.1666666666666665,13.195
16,34.5,0.0,2.8333333333333335,11.511666666666665
17,40.75,2.0,2.25,18.21875
18,177.55555555555554,4.444444444444445,8.88888888888889,20.38111111111111
19,173.9090909090909,5.909090909090909,8.090909090909092,21.73818181818182
20,160.9375,3.6875,8.5,19.30375
21,110.35714285714286,3.0714285714285716,5.428571428571429,20.624285714285715
22,108.7,3.0,5.6,19.844
23,41.0,2.4166666666666665,2.4166666666666665,16.375
