Date,Outlet_ID,Hour,Order_Volume,Average_Preparation_Time,Queue_Length,Staff_Count,Day_Type,Holiday
2025-03-23,MCD_CBE_01,9,120.0,7.6,4,5.0,Weekend,Yes
2025-03-17,MCD_CHN_01,19,194.0,9.3,6,9.0,Weekday,Yes
2025-03-25,MCD_MDU_01,23,5.0,4.4,0,2.0,Weekday,No
2025-03-31,MCD_CHN_02,19,176.0,9.4,4,8.0,Weekday,No
2025-02-18,MCD_CBE_01,9,44.0,5.0,3,3.0,Weekday,No
2025-03-10,MCD_MDU_01,9,83.0,6.8,1,5.0,Weekday,No
2025-03-15,MCD_CHN_01,12,163.0,6.9,7,7.0,Weekend,No
2025-01-13,MCD_CBE_01,18,178.0,8.8,1,10.0,Weekday,No
2025-03-31,MCD_CHN_02,8,56.0,5.9,4,3.0,Weekday,No
2025-02-04,MCD_CBE_01,23,42.0,4.8,0,2.0,Weekday,No
2025-02-10,MCD_CHN_02,18,189.0,8.0,4,10.0,Weekday,No
2025-01-28,MCD_MDU_01,21,96.0,7.0,0,6.0,Weekday,No
2025-03-16,MCD_MDU_01,19,159.0,9.7,10,7.0,Weekend,No
2025-01-12,MCD_CHN_02,7,32.0,4.7,0,2.0,Weekend,No
2025-02-19,MCD_MDU_01,18,122.0,6.9,4,5.0,Weekday,No
2025-03-29,MCD_CBE_01,23,69.0,6.7,0,3.0,Weekend,No
2025-02-03,MCD_TRY_01,22,121.0,6.5,3,6.0,Weekday,No
2025-01-20,MCD_TRY_01,17,63.0,5.7,7,2.0,Weekday,No
2025-03-04,MCD_CBE_01,6,49.0,5.0,3,2.0,Weekday,No
2025-01-08,MCD_CHN_01,13,167.0,8.5,6,7.0,Weekday,No
2025-01-17,MCD_CHN_02,21,86.0,8.0,3,4.0,Weekday,No
2025-03-11,MCD_MDU_01,12,176.0,8.2,7,9.0,Weekday,No
2025-01-16,MCD_CBE_01,13,172.0,8.2,0,10.0,Weekday,No
2025-01-01,MCD_CHN_01,8,75.0,7.9,0,4.0,Weekday,No
2025-03-07,MCD_MDU_01,13,152.0,8.1,3,9.0,Weekday,No
2025-02-01,MCD_CHN_02,21,141.0,8.1,6,7.0,Weekend,No
2025-02-22,MCD_CHN_01,20,175.0,6.4,3,8.0,Weekend,No
2025-02-21,MCD_CHN_01,16,25.0,5.9,0,2.0,Weekday,No
2025-02-24,MCD_CHN_02,11,30.0,5.3,0,2.0,Weekday,No
2025-01-07,MCD_CHN_01,23,56.0,5.4,7,2.0,Weekday,No
2025-03-04,MCD_MDU_01,21,98.0,6.5,8,4.0,Weekday,No
2025-02-03,MCD_TRY_01,20,159.0,7.2,7,7.0,Weekday,No
2025-01-28,MCD_TRY_01,7,39.0,5.9,5,2.0,Weekday,No
2025-03-06,MCD_TRY_01,22,100.0,7.0,0,6.0,Weekday,No
2025-03-28,MCD_TRY_01,13,150.0,8.7,0,8.0,Weekday,No
2025-02-23,MCD_CBE_01,22,128.0,8.4,8,5.0,Weekend,No
2025-02-20,MCD_CBE_01,10,5.0,5.5,0,2.0,Weekday,No
2025-02-28,MCD_CHN_02,9,80.0,6.4,0,4.0,Weekday,Yes
2025-02-01,MCD_MDU_01,17,69.0,5.3,0,4.0,Weekend,No
2025-03-27,MCD_CHN_01,23,33.0,5.5,0,2.0,Weekday,No
2025-03-12,MCD_TRY_01,10,29.0,6.1,0,2.0,Weekday,No
2025-03-06,MCD_CHN_01,21,105.0,7.3,0,5.0,Weekday,No
2025-01-01,MCD_CBE_01,16,35.0,6.3,0,3.0,Weekday,No
2025-03-13,MCD_CHN_02,6,5.0,4.7,0,2.0,Weekday,No
2025-02-25,MCD_CBE_01,10,70.0,5.5,8,2.0,Weekday,Yes
2025-01-27,MCD_CBE_01,13,157.0,6.4,2,8.0,Weekday,No
2025-01-31,MCD_CHN_02,11,27.0,5.4,1,2.0,Weekday,No
2025-02-22,MCD_CHN_01,13,176.0,8.3,3,9.0,Weekend,No
2025-01-26,MCD_CHN_02,20,204.0,9.7,7,10.0,Weekend,No
2025-02-05,MCD_CBE_01,8,57.0,6.7,0,4.0,Weekday,No
2025-01-04,MCD_CBE_01,9,120.0,8.8,0,6.0,Weekend,No
2025-01-14,MCD_CBE_01,19,122.0,8.0,9,5.0,Weekday,No
2025-03-15,MCD_MDU_01,12,221.0,9.0,1,12.0,Weekend,No
2025-02-16,MCD_CBE_01,19,201.0,7.9,8,9.0,Weekend,Yes
2025-03-06,MCD_CBE_01,15,12.0,5.6,0,2.0,Weekday,No
2025-02-23,MCD_CHN_02,18,188.0,8.0,0,10.0,Weekend,No
2025-02-08,MCD_TRY_01,15,42.0,5.4,6,2.0,Weekend,No
2025-03-28,MCD_CHN_02,12,142.0,7.1,2,8.0,Weekday,No
2025-01-12,MCD_CHN_02,13,183.0,8.0,7,8.0,Weekend,No
2025-03-02,MCD_TRY_01,8,109.0,8.0,7,5.0,Weekend,No
2025-02-01,MCD_CHN_01,10,82.0,5.6,8,3.0,Weekend,No
2025-01-29,MCD_TRY_01,11,5.0,5.3,0,2.0,Weekday,No
2025-01-18,MCD_TRY_01,20,163.0,7.0,7,8.0,Weekend,No
2025-03-12,MCD_MDU_01,20,141.0,7.9,1,8.0,Weekday,No
2025-03-08,MCD_CBE_01,21,93.0,7.1,5,4.0,Weekend,No
2025-02-12,MCD_CHN_01,16,33.0,6.0,0,3.0,Weekday,No
2025-01-28,MCD_CBE_01,8,52.0,5.8,6,2.0,Weekday,No
2025-02-19,MCD_TRY_01,6,23.0,5.5,0,2.0,Weekday,No
2025-02-19,MCD_TRY_01,19,181.0,6.9,4,9.0,Weekday,No
2025-02-04,MCD_MDU_01,19,156.0,8.7,2,8.0,Weekday,No
2025-03-01,MCD_TRY_01,10,72.0,6.4,0,5.0,Weekend,No
2025-01-11,MCD_MDU_01,19,205.0,9.2,5,10.0,Weekend,No
2025-02-28,MCD_MDU_01,16,17.0,7.0,0,2.0,Weekday,No
2025-01-11,MCD_TRY_01,21,181.0,8.8,5,8.0,Weekend,Yes
2025-03-25,MCD_CHN_02,7,26.0,5.6,0,2.0,Weekday,No
2025-01-17,MCD_TRY_01,21,109.0,6.7,6,5.0,Weekday,No
2025-01-22,MCD_CHN_02,9,78.0,6.3,6,3.0,Weekday,No
2025-03-15,MCD_CHN_02,18,224.0,9.6,2,12.0,Weekend,No
2025-01-14,MCD_TRY_01,15,35.0,4.5,0,3.0,Weekday,No
2025-02-14,MCD_CBE_01,23,48.0,6.3,6,2.0,Weekday,No
2025-03-04,MCD_CBE_01,9,47.0,4.9,0,3.0,Weekday,No
2025-02-25,MCD_CBE_01,11,5.0,4.0,0,2.0,Weekday,No
2025-02-25,MCD_CHN_02,14,153.0,7.5,2,8.0,Weekday,No
2025-03-01,MCD_MDU_01,18,206.0,8.4,10,9.0,Weekend,No
2025-02-03,MCD_TRY_01,16,20.0,4.8,0,2.0,Weekday,No
2025-01-11,MCD_MDU_01,13,167.0,7.9,8,8.0,Weekend,No
2025-02-27,MCD_CHN_02,6,13.0,5.5,0,2.0,Weekday,No
2025-03-02,MCD_MDU_01,23,77.0,6.4,5,4.0,Weekend,No
2025-02-04,MCD_CHN_01,15,22.0,4.8,0,2.0,Weekday,No
2025-01-25,MCD_CBE_01,12,172.0,6.2,0,10.0,Weekend,No
2025-01-13,MCD_CBE_01,12,151.0,7.9,0,9.0,Weekday,No
2025-02-05,MCD_TRY_01,7,13.0,6.9,1,2.0,Weekday,No
2025-01-14,MCD_MDU_01,6,8.0,5.2,0,2.0,Weekday,No
2025-03-03,MCD_MDU_01,9,46.0,5.9,0,3.0,Weekday,No
2025-01-20,MCD_CBE_01,10,36.0,5.9,1,3.0,Weekday,No
2025-03-19,MCD_MDU_01,13,131.0,7.6,1,8.0,Weekday,No
2025-02-09,MCD_CHN_01,7,66.0,6.0,7,2.0,Weekend,No
2025-03-26,MCD_CHN_02,8,60.0,6.0,6,3.0,Weekday,No
2025-03-30,MCD_CHN_02,21,116.0,7.7,0,6.0,Weekend,No
2025-03-29,MCD_TRY_01,13,157.0,6.5,1,8.0,Weekend,No
2025-03-11,MCD_CBE_01,13,153.0,7.5,6,7.0,Weekday,No
2025-03-18,MCD_MDU_01,15,14.0,4.2,1,2.0,Weekday,No
2025-02-26,MCD_MDU_01,8,67.0,5.3,4,2.0,Weekday,No
2025-01-30,MCD_CBE_01,6,5.0,4.5,0,2.0,Weekday,No
2025-03-08,MCD_CHN_02,20,219.0,9.0,2,11.0,Weekend,No
2025-03-02,MCD_CBE_01,17,37.0,4.5,4,2.0,Weekend,No
2025-03-30,MCD_MDU_01,21,128.0,6.5,2,6.0,Weekend,No
2025-02-10,MCD_MDU_01,14,172.0,7.1,9,8.0,Weekday,No
2025-02-22,MCD_CBE_01,7,39.0,5.1,0,2.0,Weekend,No
2025-01-27,MCD_CBE_01,14,124.0,7.7,3,5.0,Weekday,No
2025-03-22,MCD_CBE_01,13,158.0,7.6,6,7.0,Weekend,No
2025-01-15,MCD_CHN_02,20,141.0,7.6,1,8.0,Weekday,No
2025-02-23,MCD_CHN_02,21,110.0,7.1,6,4.0,Weekend,No
2025-01-09,MCD_MDU_01,14,133.0,8.5,0,7.0,Weekday,No
2025-02-06,MCD_TRY_01,15,45.0,5.8,6,2.0,Weekday,No
2025-03-10,MCD_TRY_01,21,91.0,6.0,1,5.0,Weekday,No
2025-03-31,MCD_CHN_02,13,161.0,7.4,7,8.0,Weekday,No
2025-02-18,MCD_CHN_02,18,165.0,8.0,3,9.0,Weekday,No
2025-01-13,MCD_MDU_01,20,179.0,8.3,0,10.0,Weekday,No
2025-01-10,MCD_CBE_01,21,75.0,7.3,0,5.0,Weekday,No
2025-02-12,MCD_CBE_01,23,5.0,4.0,0,2.0,Weekday,No
2025-03-21,MCD_CBE_01,8,99.0,6.8,0,5.0,Weekday,No
2025-03-23,MCD_CBE_01,9,104.0,6.8,7,4.0,Weekend,No
2025-02-15,MCD_CHN_02,17,32.0,5.4,0,2.0,Weekend,No
2025-01-23,MCD_MDU_01,8,60.0,5.7,0,4.0,Weekday,No
2025-01-30,MCD_MDU_01,20,169.0,8.2,6,8.0,Weekday,No
2025-03-28,MCD_MDU_01,23,75.0,5.7,4,4.0,Weekday,No
2025-03-30,MCD_CBE_01,14,185.0,9.0,2,9.0,Weekend,No
2025-01-31,MCD_TRY_01,18,162.0,9.0,10,7.0,Weekday,No
2025-02-05,MCD_CHN_01,6,50.0,5.3,3,2.0,Weekday,No
2025-03-19,MCD_CHN_02,17,5.0,4.4,0,2.0,Weekday,No
2025-03-22,MCD_CHN_01,9,92.0,7.4,0,6.0,Weekend,No
2025-01-17,MCD_CBE_01,8,69.0,5.8,8,2.0,Weekday,No
2025-03-09,MCD_CHN_02,22,118.0,8.5,3,6.0,Weekend,No
2025-02-13,MCD_CHN_01,9,99.0,8.2,2,6.0,Weekday,No
2025-03-13,MCD_MDU_01,17,47.0,5.9,4,2.0,Weekday,No
2025-03-28,MCD_CBE_01,14,160.0,8.2,8,7.0,Weekday,No
2025-03-20,MCD_MDU_01,13,162.0,7.6,2,8.0,Weekday,No
2025-01-18,MCD_CBE_01,7,63.0,6.1,4,2.0,Weekend,No
2025-02-19,MCD_TRY_01,20,144.0,8.2,10,6.0,Weekday,No
2025-03-25,MCD_TRY_01,9,32.0,6.5,2,2.0,Weekday,No
2025-01-28,MCD_CHN_02,20,175.0,7.9,2,10.0,Weekday,No
2025-03-11,MCD_CBE_01,17,48.0,6.2,1,2.0,Weekday,Yes
2025-03-26,MCD_TRY_01,12,155.0,7.8,2,8.0,Weekday,No
2025-01-17,MCD_TRY_01,12,173.0,8.6,7,8.0,Weekday,Yes
2025-01-19,MCD_CHN_02,6,77.0,6.3,2,3.0,Weekend,No
2025-03-26,MCD_CBE_01,6,28.0,5.0,0,2.0,Weekday,No
2025-01-23,MCD_MDU_01,14,140.0,7.4,7,7.0,Weekday,Yes
2025-02-16,MCD_MDU_01,22,76.0,6.3,5,3.0,Weekend,No
2025-02-28,MCD_MDU_01,6,55.0,5.4,8,2.0,Weekday,Yes
2025-02-26,MCD_CBE_01,8,64.0,6.0,4,3.0,Weekday,No
2025-02-18,MCD_TRY_01,22,83.0,6.3,0,5.0,Weekday,No
2025-03-25,MCD_CHN_02,23,5.0,5.7,0,2.0,Weekday,No
2025-02-28,MCD_CHN_01,18,164.0,8.5,6,8.0,Weekday,No
2025-01-20,MCD_CHN_01,21,116.0,7.3,1,7.0,Weekday,Yes
2025-01-17,MCD_TRY_01,23,20.0,5.0,0,2.0,Weekday,Yes
2025-03-27,MCD_CHN_01,19,193.0,8.3,1,10.0,Weekday,No
2025-03-15,MCD_MDU_01,22,121.0,7.5,2,7.0,Weekend,No
2025-01-15,MCD_MDU_01,14,177.0,6.7,0,10.0,Weekday,No
2025-03-19,MCD_CBE_01,14,165.0,7.4,6,8.0,Weekday,Yes
2025-01-01,MCD_TRY_01,11,21.0,5.2,0,2.0,Weekday,No
2025-01-12,MCD_MDU_01,22,109.0,7.1,6,5.0,Weekend,No
2025-03-14,MCD_CHN_02,8,83.0,7.3,0,5.0,Weekday,No
2025-02-04,MCD_MDU_01,20,155.0,7.4,3,7.0,Weekday,No
2025-02-14,MCD_TRY_01,19,143.0,7.7,6,6.0,Weekday,No
2025-02-20,MCD_CBE_01,7,73.0,5.9,2,4.0,Weekday,Yes
2025-02-11,MCD_MDU_01,9,97.0,7.4,0,6.0,Weekday,Yes
2025-03-06,MCD_CBE_01,23,57.0,6.6,7,2.0,Weekday,No
2025-01-03,MCD_CBE_01,20,149.0,7.3,4,8.0,Weekday,No
2025-02-07,MCD_CBE_01,9,90.0,8.1,6,4.0,Weekday,No
2025-01-12,MCD_CHN_02,19,183.0,8.6,10,8.0,Weekend,No
2025-02-09,MCD_CHN_02,16,77.0,6.9,0,5.0,Weekend,No
2025-02-14,MCD_CHN_02,17,25.0,5.8,0,2.0,Weekday,No
2025-03-19,MCD_CHN_01,10,38.0,6.8,5,2.0,Weekday,No
2025-03-14,MCD_TRY_01,20,137.0,5.9,4,7.0,Weekday,No
2025-01-20,MCD_MDU_01,20,168.0,7.1,0,9.0,Weekday,Yes
2025-02-15,MCD_MDU_01,22,134.0,7.5,0,7.0,Weekend,Yes
2025-03-24,MCD_TRY_01,8,52.0,6.6,0,4.0,Weekday,No
2025-02-27,MCD_MDU_01,12,104.0,6.9,1,5.0,Weekday,No
2025-02-13,MCD_CHN_02,8,97.0,7.0,1,5.0,Weekday,No
2025-03-03,MCD_MDU_01,9,,5.9,0,3.0,Weekday,No
2025-03-19,MCD_MDU_01,13,131.0,7.6,1,,Weekday,No
2025-02-28,MCD_MDU_01,25,17.0,7.0,0,2.0,Weekday,No
2025-03-29,MCD_TRY_01,13,157.0,-3.0,1,8.0,Weekend,No
2025-03-08,MCD_CHN_02,20,,9.0,2,11.0,Weekend,No
2025-02-27,MCD_CHN_02,6,13.0,5.5,0,,Weekday,No
2025-03-19,MCD_CHN_01,25,38.0,6.8,5,2.0,Weekday,No
2025-02-28,MCD_CHN_01,18,164.0,-3.0,6,8.0,Weekday,No
2025-01-12,MCD_CHN_02,7,,4.7,0,2.0,Weekend,No
2025-01-12,MCD_MDU_01,22,109.0,7.1,6,,Weekend,No
2025-02-20,MCD_CBE_01,25,73.0,5.9,2,4.0,Weekday,Yes
2025-01-11,MCD_MDU_01,13,167.0,-3.0,8,8.0,Weekend,No
2025-02-03,MCD_TRY_01,22,,6.5,3,6.0,Weekday,No
2025-02-03,MCD_TRY_01,16,20.0,4.8,0,,Weekday,No
2025-03-07,MCD_MDU_01,25,152.0,8.1,3,9.0,Weekday,No
2025-03-11,MCD_CBE_01,17,48.0,-3.0,1,2.0,Weekday,Yes
2025-03-19,MCD_CHN_01,10,,6.8,5,2.0,Weekday,No
2025-03-30,MCD_CHN_02,21,116.0,7.7,0,,Weekend,No
2025-02-28,MCD_MDU_01,25,17.0,7.0,0,2.0,Weekday,No
2025-03-08,MCD_CBE_01,21,93.0,-3.0,5,4.0,Weekend,No
